<?xml version="1.0" encoding="utf-8"?>
<!--/192146/404313/2.49/2/3/Connector/-->
<quadcept_library>
  <setting unit="mil" />
  <textstyle name="Default" height="47.244094488189" strokewidth="7.8740157480315" charwidth="47.244094488189" />
  <textstyle name="Dimension" height="19.6850393700787" strokewidth="0" charwidth="19.6850393700787" />
  <textstyle name="H127W0635TH00762" height="50" strokewidth="3" charwidth="25" />
  <textstyle name="H15W15TH02" height="59.0551181102362" strokewidth="7.8740157480315" charwidth="59.0551181102362" />
  <padstyle name="c202.5_h135" surface="False" plated="True" isvia="False" nopaste="True" nomask="True" complex="False" holesize="53.149606299212">
    <padshape layer="TOP" shape="round" width="79.724409448818" height="79.724409448818" />
    <padshape layer="TOP_SOLDER_MASK" shape="round" width="87.598425196849" height="87.598425196849" />
    <padshape layer="INNER" shape="round" width="79.724409448818" height="79.724409448818" />
    <padshape layer="BOTTOM" shape="round" width="79.724409448818" height="79.724409448818" />
    <padshape layer="BOTTOM_SOLDER_MASK" shape="round" width="87.598425196849" height="87.598425196849" />
  </padstyle>
  <padstyle name="s202.5_h135" surface="False" plated="True" isvia="False" nopaste="True" nomask="True" complex="False" holesize="53.149606299212">
    <padshape layer="TOP" shape="square" width="79.724409448818" height="79.724409448818" />
    <padshape layer="TOP_SOLDER_MASK" shape="square" width="87.598425196849" height="87.598425196849" />
    <padshape layer="INNER" shape="round" width="79.724409448818" height="79.724409448818" />
    <padshape layer="BOTTOM" shape="square" width="79.724409448818" height="79.724409448818" />
    <padshape layer="BOTTOM_SOLDER_MASK" shape="square" width="87.598425196849" height="87.598425196849" />
  </padstyle>
  <footprint name="SHDRRA2W82P0X350_1X2_900X920X745P" originx="0" originy="0" pickpointx="0" pickpointy="0">
    <pcbpin number="1" name="1" style="s202.5_h135" originx="0" originy="0" rotation="90" />
    <pcbpin number="2" name="2" style="c202.5_h135" originx="137.79527559055" originy="0" rotation="90" />
    <line layer="TOP_PLACE_BOUND" originx="-98.425196850392" originy="-57.086614173228" endx="275.5905511811" endy="-57.086614173228" width="1.9685039370079" />
    <line layer="TOP_PLACE_BOUND" originx="275.5905511811" originy="-57.086614173228" endx="275.5905511811" endy="332.67716535433" width="1.9685039370079" />
    <line layer="TOP_PLACE_BOUND" originx="275.5905511811" originy="332.67716535433" endx="-98.425196850392" endy="332.67716535433" width="1.9685039370079" />
    <line layer="TOP_PLACE_BOUND" originx="-98.425196850392" originy="332.67716535433" endx="-98.425196850392" endy="-57.086614173228" width="1.9685039370079" />
    <line layer="TOP_ASSEMBLY" originx="-88.582677165353" originy="-47.244094488188" endx="-88.582677165353" endy="322.83464566929" width="3.9370078740157" />
    <line layer="TOP_ASSEMBLY" originx="-88.582677165353" originy="322.83464566929" endx="265.74803149606" endy="322.83464566929" width="3.9370078740157" />
    <line layer="TOP_ASSEMBLY" originx="265.74803149606" originy="322.83464566929" endx="265.74803149606" endy="-47.244094488188" width="3.9370078740157" />
    <line layer="TOP_ASSEMBLY" originx="265.74803149606" originy="-47.244094488188" endx="-88.582677165353" endy="-47.244094488188" width="3.9370078740157" />
    <line layer="TOP_SILKSCREEN" originx="-88.582677165353" originy="0" endx="-88.582677165353" endy="322.83464566929" width="7.8740157480314" />
    <line layer="TOP_SILKSCREEN" originx="-88.582677165353" originy="322.83464566929" endx="265.74803149606" endy="322.83464566929" width="7.8740157480314" />
    <line layer="TOP_SILKSCREEN" originx="265.74803149606" originy="322.83464566929" endx="265.74803149606" endy="-47.244094488188" width="7.8740157480314" />
  </footprint>
  <symbol name="284512-2" originx="0" originy="0">
    <line originx="200" originy="100" endx="600" endy="100" width="0" />
    <line originx="600" originy="-200" endx="600" endy="100" width="0" />
    <line originx="600" originy="-200" endx="200" endy="-200" width="0" />
    <line originx="200" originy="100" endx="200" endy="-200" width="0" />
    <sympin number="1" originx="200" originy="0" rotation="180" length="100" width="7.8740157480315" flipped="False">
      <text name="pinname" originx="230" originy="0" style="Default" rotation="0" justify="left" flipped="False" hidden="False" data="1" />
      <text name="pindes" originx="140" originy="20" style="Default" rotation="0" justify="lowerright" flipped="False" hidden="False" data="1" />
    </sympin>
    <sympin number="2" originx="200" originy="-100" rotation="180" length="100" width="7.8740157480315" flipped="False">
      <text name="pinname" originx="230" originy="-100" style="Default" rotation="0" justify="left" flipped="False" hidden="False" data="2" />
      <text name="pindes" originx="140" originy="-80" style="Default" rotation="0" justify="lowerright" flipped="False" hidden="False" data="2" />
    </sympin>
  </symbol>
  <component name="284512-2" designatorprefix="J" height="293.30708661417" footprint="SHDRRA2W82P0X350_1X2_900X920X745P">
    <comppin designator="1" sympin="1" pinswap="0" gateswap="0" gate="1" group="1" side="" type="Any" name="1" />
    <comppin designator="2" sympin="2" pinswap="0" gateswap="0" gate="1" group="1" side="" type="Any" name="2" />
    <attached_symbol gate="1" name="284512-2" />
    <pinmap designator="1" footprintpin="1" />
    <pinmap designator="2" footprintpin="2" />
    <text name="Datasheet" originx="0" originy="0" style="Default" rotation="0" justify="" flipped="False" hidden="True" data="https://componentsearchengine.com/Datasheets/1/284512-2.pdf" />
    <text name="Description" originx="0" originy="0" style="Default" rotation="0" justify="" flipped="False" hidden="True" data="Termi-Block Header 2 way pcb r/a TE Connectivity Buchanan Series, 3.5mm Pitch 2 Way 1 Row Right Angle PCB Terminal Block, Through Hole" />
    <text name="Manufacturer_Name" originx="0" originy="0" style="Default" rotation="0" justify="" flipped="False" hidden="True" data="TE Connectivity" />
    <text name="Manufacturer_Part_Number" originx="650" originy="200" style="Default" rotation="0" justify="left" flipped="False" hidden="False" data="284512-2" />
    <text name="Mouser Part Number" originx="0" originy="0" style="Default" rotation="0" justify="" flipped="False" hidden="True" data="571-284512-2" />
    <text name="Mouser Price/Stock" originx="0" originy="0" style="Default" rotation="0" justify="" flipped="False" hidden="True" data="https://www.mouser.co.uk/ProductDetail/TE-Connectivity/284512-2?qs=woBvfblj%2FzyGym3MfMx1sA%3D%3D" />
    <text name="Arrow Part Number" originx="0" originy="0" style="Default" rotation="0" justify="" flipped="False" hidden="True" data="284512-2" />
    <text name="Arrow Price/Stock" originx="0" originy="0" style="Default" rotation="0" justify="" flipped="False" hidden="True" data="https://www.arrow.com/en/products/284512-2/te-connectivity?region=nac" />
    <text name="Mouser Testing Part Number" originx="0" originy="0" style="Default" rotation="0" justify="" flipped="False" hidden="True" data="" />
    <text name="Mouser Testing Price/Stock" originx="0" originy="0" style="Default" rotation="0" justify="" flipped="False" hidden="True" data="" />
  </component>
</quadcept_library>
